policy_id,policyholder_name,policyholder_ssn,line_of_business,state,effective_date,expiry_date,annual_premium,coverage_limit
POL-0000001,William Robinson,961-11-8274,Homeowners,GA,2019-08-17,2020-08-16,772.07,50000
POL-0000002,Margaret White,977-37-7630,Commercial Liability,NJ,2024-05-31,2025-05-31,1066.4,1000000
POL-0000003,Joseph Martinez,973-56-6024,Workers Compensation,IN,2023-07-31,2024-07-30,1296.36,100000
POL-0000004,Daniel Robinson,913-92-8977,Commercial Liability,GA,2022-01-26,2023-01-26,599.0,50000
POL-0000005,Susan Anderson,982-76-2154,Umbrella,CA,2022-01-11,2023-01-11,1693.53,500000
POL-0000006,Linda Thomas,953-80-9289,Commercial Liability,TN,2025-01-02,2026-01-02,1138.88,500000
POL-0000007,Matthew Wilson,932-59-8652,Workers Compensation,CA,2019-08-08,2020-08-07,352.42,500000
POL-0000008,Sandra Jones,951-19-5532,Personal Auto,WA,2023-11-17,2024-11-16,338.61,50000
POL-0000009,Linda Lewis,996-45-7600,Commercial Liability,NY,2020-05-29,2021-05-29,1088.56,50000
POL-0000010,Lisa Smith,985-99-5682,Homeowners,CA,2019-08-29,2020-08-28,960.47,100000
POL-0000011,Linda Garcia,983-13-3418,Commercial Property,VA,2022-09-07,2023-09-07,1030.65,250000
POL-0000012,Nancy Miller,946-89-8198,Commercial Property,CA,2025-10-28,2026-10-28,1078.37,1000000
POL-0000013,Lisa Rodriguez,978-71-3213,Umbrella,MA,2024-02-23,2025-02-22,1255.56,100000
POL-0000014,Susan Brown,938-35-3830,Umbrella,MA,2024-04-28,2025-04-28,1936.41,50000
POL-0000015,Matthew Smith,968-80-5673,Personal Auto,TX,2024-01-08,2025-01-07,563.03,1000000
POL-0000016,David Lee,963-85-8536,Commercial Liability,FL,2024-07-01,2025-07-01,542.84,50000
POL-0000017,Robert Robinson,924-13-4455,Commercial Liability,VA,2022-08-04,2023-08-04,569.07,50000
POL-0000018,Robert Brown,926-19-5447,Homeowners,AZ,2019-11-24,2020-11-23,1304.21,250000
POL-0000019,Susan Rodriguez,906-69-1374,Personal Auto,CA,2024-11-15,2025-11-15,2314.55,250000
POL-0000020,Margaret Thomas,913-99-2042,Personal Auto,WI,2022-02-24,2023-02-24,846.57,500000
POL-0000021,Patricia Ramirez,943-12-1503,Commercial Liability,OH,2022-07-02,2023-07-02,244.44,1000000
POL-0000022,Susan Lee,947-69-1648,Homeowners,IL,2021-08-05,2022-08-05,394.49,1000000
POL-0000023,Nancy Thompson,916-22-8816,Umbrella,MO,2020-04-11,2021-04-11,665.26,100000
POL-0000024,Michael Moore,941-68-8577,Homeowners,IL,2025-06-25,2026-06-25,784.75,1000000
POL-0000025,Nancy Gonzalez,960-66-8396,Umbrella,WA,2024-06-19,2025-06-19,858.31,500000
POL-0000026,Elizabeth Garcia,923-18-1500,Homeowners,WI,2023-07-04,2024-07-03,1122.31,50000
POL-0000027,Anthony Sanchez,933-71-1698,Commercial Liability,WA,2021-10-25,2022-10-25,909.55,1000000
POL-0000028,Sarah Harris,936-90-3525,Personal Auto,WA,2024-10-03,2025-10-03,2058.23,50000
POL-0000029,Thomas Smith,950-87-6087,Commercial Property,NC,2022-10-25,2023-10-25,730.98,250000
POL-0000030,Jennifer Perez,936-12-4007,Commercial Liability,CA,2022-02-06,2023-02-06,653.67,500000
POL-0000031,Susan Williams,973-32-5388,Umbrella,WA,2022-02-24,2023-02-24,1461.66,100000
POL-0000032,Betty Thompson,932-31-2556,Workers Compensation,TN,2020-08-03,2021-08-03,436.42,100000
POL-0000033,James Harris,943-50-7577,Personal Auto,TX,2019-08-24,2020-08-23,1385.5,250000
POL-0000034,Matthew Brown,937-22-3825,Homeowners,TN,2022-11-17,2023-11-17,1166.23,1000000
POL-0000035,Joseph Wilson,918-86-1598,Personal Auto,MI,2025-03-18,2026-03-18,1003.79,100000
POL-0000036,Nancy Brown,968-79-7684,Personal Auto,AZ,2019-06-13,2020-06-12,2844.0,500000
POL-0000037,Karen Moore,923-82-9125,Commercial Property,FL,2025-01-01,2026-01-01,754.97,250000
POL-0000038,Richard Ramirez,929-27-1132,Commercial Liability,CO,2024-10-15,2025-10-15,3775.09,50000
POL-0000039,Elizabeth Williams,979-11-4930,Commercial Liability,FL,2020-12-08,2021-12-08,957.9,500000
POL-0000040,Charles Lopez,994-91-8444,Workers Compensation,OH,2023-06-02,2024-06-01,509.68,1000000
POL-0000041,John Robinson,967-36-7355,Commercial Liability,NJ,2020-02-27,2021-02-26,1143.62,250000
POL-0000042,Sarah Martinez,991-69-8708,Commercial Liability,TX,2024-04-20,2025-04-20,574.93,50000
POL-0000043,Robert Brown,985-91-4736,Personal Auto,MI,2023-11-25,2024-11-24,698.51,50000
POL-0000044,Karen Anderson,948-13-4350,Personal Auto,WA,2021-06-24,2022-06-24,1391.61,250000
POL-0000045,Charles Thomas,977-10-7382,Commercial Property,CA,2019-06-23,2020-06-22,1530.5,250000
POL-0000046,Robert Martin,932-10-2382,Workers Compensation,OH,2025-10-16,2026-10-16,754.99,250000
POL-0000047,Matthew Martinez,946-24-3154,Personal Auto,GA,2022-02-12,2023-02-12,1983.15,100000
POL-0000048,Richard Lewis,953-14-6407,Homeowners,MA,2025-03-31,2026-03-31,2196.25,250000
POL-0000049,Lisa Thomas,996-83-7016,Commercial Property,WI,2023-09-29,2024-09-28,2596.14,100000
POL-0000050,Mary Rodriguez,984-64-2077,Personal Auto,IN,2024-06-11,2025-06-11,1506.66,500000
POL-0000051,Jennifer Lewis,948-98-5574,Homeowners,FL,2024-04-25,2025-04-25,2485.07,500000
POL-0000052,Joseph Ramirez,965-82-4284,Workers Compensation,IL,2020-05-12,2021-05-12,354.79,500000
POL-0000053,Jennifer Anderson,920-96-5515,Commercial Property,TX,2021-07-18,2022-07-18,906.2,50000
POL-0000054,Elizabeth Smith,980-31-9625,Personal Auto,WA,2022-04-07,2023-04-07,651.84,1000000
POL-0000055,Karen Moore,955-35-1689,Workers Compensation,FL,2022-06-25,2023-06-25,1177.96,50000
POL-0000056,John Taylor,953-86-9959,Homeowners,NY,2019-04-22,2020-04-21,778.31,1000000
POL-0000057,Daniel Jones,976-32-5046,Workers Compensation,IN,2022-10-28,2023-10-28,992.58,50000
POL-0000058,Patricia Martin,963-15-7948,Personal Auto,TN,2020-01-30,2021-01-29,3392.44,250000
POL-0000059,Jennifer Sanchez,907-70-4820,Commercial Property,IN,2024-03-14,2025-03-14,990.46,50000
POL-0000060,Sarah Brown,928-82-3798,Homeowners,OH,2023-10-12,2024-10-11,1405.68,50000
POL-0000061,Lisa Perez,917-97-7935,Personal Auto,CO,2025-06-15,2026-06-15,953.98,500000
POL-0000062,Jennifer Jones,973-93-7188,Workers Compensation,CO,2024-03-17,2025-03-17,1147.6,500000
POL-0000063,David Thompson,903-20-2296,Personal Auto,FL,2021-07-25,2022-07-25,1100.6,50000
POL-0000064,Margaret Gonzalez,920-79-7348,Personal Auto,WA,2025-10-07,2026-10-07,1435.11,1000000
POL-0000065,Sandra Smith,959-86-7777,Homeowners,AZ,2021-11-15,2022-11-15,2206.55,100000
POL-0000066,Sarah Lewis,969-72-4490,Commercial Liability,NC,2021-04-12,2022-04-12,2946.69,100000
POL-0000067,Susan Jones,950-83-9330,Commercial Liability,VA,2025-05-02,2026-05-02,1320.51,100000
POL-0000068,William Moore,986-85-6767,Umbrella,MA,2021-08-04,2022-08-04,1562.01,250000
POL-0000069,Charles Garcia,991-50-4002,Personal Auto,AZ,2019-07-15,2020-07-14,549.76,50000
POL-0000070,Sarah Ramirez,913-13-1096,Homeowners,NJ,2022-04-14,2023-04-14,1040.31,250000
POL-0000071,David Thompson,995-51-7074,Personal Auto,VA,2024-07-25,2025-07-25,1927.88,100000
POL-0000072,James Harris,961-28-2881,Commercial Property,WA,2020-04-29,2021-04-29,1843.79,50000
POL-0000073,John Gonzalez,963-20-7808,Umbrella,OH,2022-03-28,2023-03-28,1245.09,100000
POL-0000074,Donald Anderson,909-21-5725,Commercial Liability,VA,2019-11-28,2020-11-27,1866.53,500000
POL-0000075,Richard Martin,962-72-5200,Commercial Property,NJ,2023-10-20,2024-10-19,1472.12,500000
POL-0000076,Joseph White,972-55-2473,Homeowners,WI,2022-04-30,2023-04-30,2253.37,100000
POL-0000077,Joseph Sanchez,958-58-7403,Workers Compensation,CA,2021-04-23,2022-04-23,1304.55,100000
POL-0000078,Lisa Smith,908-77-2493,Homeowners,MI,2020-08-02,2021-08-02,885.88,500000
POL-0000079,Mary Martin,952-59-4759,Personal Auto,MO,2022-12-13,2023-12-13,1341.45,500000
POL-0000080,Robert Brown,993-66-8526,Homeowners,AZ,2023-09-08,2024-09-07,188.98,1000000
POL-0000081,David Rodriguez,972-17-9283,Personal Auto,MO,2025-07-30,2026-07-30,1379.85,1000000
POL-0000082,Joseph Harris,913-86-9902,Personal Auto,IL,2022-01-21,2023-01-21,122.85,1000000
POL-0000083,Daniel Davis,995-50-9622,Personal Auto,IL,2020-02-15,2021-02-14,389.91,1000000
POL-0000084,Joseph White,995-23-6003,Homeowners,VA,2024-10-28,2025-10-28,1438.08,250000
POL-0000085,Susan Wilson,916-83-2804,Commercial Property,NC,2023-05-29,2024-05-28,1460.48,100000
POL-0000086,Donald Miller,980-76-8551,Homeowners,AZ,2023-11-25,2024-11-24,545.96,100000
POL-0000087,John Hernandez,940-14-8214,Homeowners,MI,2019-09-06,2020-09-05,715.33,100000
POL-0000088,Sarah Thomas,959-27-9912,Umbrella,MI,2021-03-09,2022-03-09,2495.7,500000
POL-0000089,Thomas Thompson,944-11-6858,Commercial Liability,MO,2024-05-15,2025-05-15,820.23,500000
POL-0000090,Joseph Jackson,978-34-2274,Homeowners,TX,2024-10-27,2025-10-27,4212.25,1000000
POL-0000091,Anthony Ramirez,999-18-5526,Personal Auto,VA,2022-01-16,2023-01-16,1095.37,50000
POL-0000092,David Clark,979-73-5034,Workers Compensation,TN,2024-08-18,2025-08-18,1400.83,250000
POL-0000093,Donald Thompson,993-57-8586,Personal Auto,MA,2024-11-20,2025-11-20,2893.22,100000
POL-0000094,Elizabeth Jackson,994-98-4533,Homeowners,NC,2021-09-17,2022-09-17,1186.33,1000000
POL-0000095,Thomas Rodriguez,909-77-3957,Workers Compensation,FL,2025-04-13,2026-04-13,601.0,100000
POL-0000096,Jessica Gonzalez,925-65-1720,Homeowners,MA,2021-01-06,2022-01-06,1026.76,50000
POL-0000097,Betty Brown,972-55-8519,Commercial Liability,PA,2020-09-04,2021-09-04,1073.45,250000
POL-0000098,Susan Lopez,959-14-7797,Commercial Property,CA,2023-10-10,2024-10-09,483.55,1000000
POL-0000099,David Ramirez,905-16-1371,Commercial Property,NC,2023-06-15,2024-06-14,940.58,1000000
POL-0000100,James Gonzalez,909-65-4904,Personal Auto,WI,2019-12-24,2020-12-23,702.53,50000
